Generation,Temperature,Current Best Fitness,Overall Best Fitness,Cooling Rate
1,1000,84.30357142857144,84.30357142857144,0.95
2,1000.0,41.446428571428555,84.30357142857144,0.95
3,590.6161091496413,70.58928571428572,84.30357142857144,0.95
4,476.50535804050435,92.01785714285714,92.01785714285714,0.95
5,419.0597841964052,77.30357142857143,92.01785714285714,0.95
6,383.224293337255,60.30357142857142,92.01785714285714,0.95
7,358.19704778381515,83.1607142857143,92.01785714285714,0.95
8,339.45366606672553,55.589285714285715,92.01785714285714,0.95
9,324.7342047137871,91.01785714285714,92.01785714285714,0.95
10,312.77127264959097,98.58928571428572,98.58928571428572,0.95
11,302.7931065641138,39.44642857142856,98.58928571428572,0.95
12,294.2998296638024,77.01785714285714,98.58928571428572,0.95
13,286.951732282652,47.017857142857125,98.58928571428572,0.95
14,280.50889359956057,97.01785714285715,98.58928571428572,0.95
15,274.79644023792434,62.73214285714284,98.58928571428572,0.95
16,269.683511755788,79.01785714285714,98.58928571428572,0.95
17,265.0699754534338,75.73214285714285,98.58928571428572,0.95
18,260.87773109487915,74.01785714285714,98.58928571428572,0.95
19,257.04484358604844,56.303571428571416,98.58928571428572,0.95
20,253.521478030654,71.30357142857143,98.58928571428572,0.95
21,250.26701779259932,79.73214285714286,98.58928571428572,0.95
22,247.24797930973506,62.732142857142826,98.58928571428572,0.95
23,244.43647588626342,88.30357142857143,98.58928571428572,0.95
24,241.809067498677,113.58928571428574,113.58928571428574,0.95
25,239.3458870099624,92.73214285714285,113.58928571428574,0.95
26,237.0299675817646,92.73214285714285,113.58928571428574,0.95
27,234.8467187323678,92.73214285714285,113.58928571428574,0.95
28,232.78351371152655,62.73214285714288,113.58928571428574,0.95
29,230.82936127582715,38.73214285714285,113.58928571428574,0.95
30,228.9746421879319,101.30357142857146,113.58928571428574,0.95
31,227.2108958726909,116.73214285714289,116.73214285714289,0.95
32,225.53064631951622,58.01785714285711,116.73214285714289,0.95
33,223.92725897047893,97.58928571428572,116.73214285714289,0.95
34,222.39482227710576,94.01785714285715,116.73214285714289,0.95
35,220.92804904991536,77.01785714285714,116.73214285714289,0.95
36,219.5221938042295,118.44642857142858,118.44642857142858,0.95
37,218.17298312218497,54.5892857142857,118.44642857142858,0.95
38,216.87655667383802,47.73214285714284,118.44642857142858,0.95
39,215.6294170196073,88.30357142857143,118.44642857142858,0.95
40,214.42838668808284,97.44642857142857,118.44642857142858,0.95
41,213.27057131371092,67.58928571428571,118.44642857142858,0.95
42,212.15332784742847,104.58928571428575,118.44642857142858,0.95
43,211.07423703435379,107.01785714285715,118.44642857142858,0.95
44,210.03107949692438,41.73214285714284,118.44642857142858,0.95
45,209.02181487755908,87.01785714285715,118.44642857142858,0.95
46,208.0445635881923,91.58928571428572,118.44642857142858,0.95
47,207.097590789637,47.017857142857125,118.44642857142858,0.95
48,206.1792922853361,111.73214285714288,118.44642857142858,0.95
49,205.2881820644927,111.73214285714288,118.44642857142858,0.95
50,204.42288127105385,111.73214285714288,118.44642857142858,0.95
51,203.58210840929013,111.73214285714288,118.44642857142858,0.95
52,202.76467062514595,111.73214285714288,118.44642857142858,0.95
53,201.96945592621896,111.73214285714288,118.44642857142858,0.95
54,201.19542622303027,111.73214285714288,118.44642857142858,0.95
55,200.44161109087176,82.44642857142856,118.44642857142858,0.95
56,199.70710216551603,57.589285714285715,118.44642857142858,0.95
57,198.9910480979117,69.44642857142857,118.44642857142858,0.95
58,198.29265000301945,80.58928571428572,118.44642857142858,0.95
59,197.61115734648328,51.01785714285712,118.44642857142858,0.95
60,196.9458642201139,72.73214285714283,118.44642857142858,0.95
61,196.29610596339606,92.73214285714288,118.44642857142858,0.95
62,195.6612560935802,97.30357142857144,118.44642857142858,0.95
63,195.04072351152257,105.01785714285717,118.44642857142858,0.95
64,194.4339499544101,105.01785714285717,118.44642857142858,0.95
65,193.84040766994082,39.44642857142856,118.44642857142858,0.95
66,193.25959728951042,68.73214285714288,118.44642857142858,0.95
67,192.69104588054464,73.30357142857142,118.44642857142858,0.95
68,192.13430516037207,73.58928571428572,118.44642857142858,0.95
69,191.58894985600176,63.73214285714284,118.44642857142858,0.95
70,191.0545761958937,62.01785714285713,118.44642857142858,0.95
71,190.53080052131932,36.017857142857125,118.44642857142858,0.95
72,190.01725800623865,85.01785714285715,118.44642857142858,0.95
73,189.51360147578768,31.589285714285694,118.44642857142858,0.95
74,189.01950031450042,81.73214285714285,118.44642857142858,0.95
75,188.53463945630105,109.73214285714288,118.44642857142858,0.95
76,188.05871844910737,111.58928571428575,118.44642857142858,0.95
77,187.59145058760092,81.01785714285714,118.44642857142858,0.95
78,187.13256210835524,92.73214285714286,118.44642857142858,0.95
79,186.68179144207713,94.01785714285715,118.44642857142858,0.95
80,186.23888851821974,107.73214285714286,118.44642857142858,0.95
81,185.80361411767595,123.58928571428575,123.58928571428575,0.95
82,185.37573926966076,98.73214285714286,123.58928571428575,0.95
83,184.9550446892522,51.01785714285713,123.58928571428575,0.95
84,184.54132025238118,47.732142857142854,123.58928571428575,0.95
85,184.13436450535133,70.58928571428572,123.58928571428575,0.95
86,183.73398420622823,91.58928571428574,123.58928571428575,0.95
87,183.33999389567327,59.5892857142857,123.58928571428575,0.95
88,182.9522154950067,30.30357142857141,123.58928571428575,0.95
89,182.57047792947603,87.73214285714286,123.58928571428575,0.95
90,182.19461677487712,57.58928571428571,123.58928571428575,0.95
91,181.82447392583128,57.73214285714283,123.58928571428575,0.95
92,181.45989728416285,79.01785714285717,123.58928571428575,0.95
93,181.10074046594897,117.01785714285717,123.58928571428575,0.95
94,180.7468625259297,94.73214285714288,123.58928571428575,0.95
95,180.39812769807193,81.73214285714288,123.58928571428575,0.95
96,180.0544051511764,92.73214285714288,123.58928571428575,0.95
97,179.71556875850484,81.73214285714285,123.58928571428575,0.95
98,179.3814968804832,109.01785714285717,123.58928571428575,0.95
99,179.05207215961028,81.01785714285714,123.58928571428575,0.95
100,178.72718132676732,49.73214285714284,123.58928571428575,0.95
101,178.4067150181842,53.01785714285712,123.58928571428575,0.95
102,178.0905676023748,62.30357142857141,123.58928571428575,0.95
103,177.77863701640308,36.01785714285713,123.58928571428575,0.95
104,177.4708246108901,62.732142857142826,123.58928571428575,0.95
105,177.16703500321364,118.30357142857146,123.58928571428575,0.95
106,176.86717593839145,118.30357142857146,123.58928571428575,0.95
107,176.57115815717682,118.30357142857146,123.58928571428575,0.95
108,176.27889527092609,111.01785714285717,123.58928571428575,0.95
109,175.9903036428304,111.01785714285717,123.58928571428575,0.95
110,175.7053022751313,111.01785714285717,123.58928571428575,0.95
111,175.42381270196537,120.73214285714289,123.58928571428575,0.95
112,175.14575888750886,100.01785714285715,123.58928571428575,0.95
113,174.87106712911276,96.1607142857143,123.58928571428575,0.95
114,174.59966596514235,79.01785714285714,123.58928571428575,0.95
115,174.33148608725173,98.16071428571433,123.58928571428575,0.95
116,174.06646025684262,66.73214285714283,123.58928571428575,0.95
117,173.80452322547305,90.73214285714286,123.58928571428575,0.95
118,173.54561165899594,94.01785714285715,123.58928571428575,0.95
119,173.28966406522255,76.73214285714285,123.58928571428575,0.95
120,173.03662072491747,31.01785714285713,123.58928571428575,0.95
121,172.78642362594547,126.73214285714289,126.73214285714289,0.95
122,172.5390164004001,31.5892857142857,126.73214285714289,0.95
123,172.29434426455606,19.303571428571416,126.73214285714289,0.95
124,172.0523539614952,59.589285714285715,126.73214285714289,0.95
125,171.81299370626698,45.017857142857125,126.73214285714289,0.95
126,171.576213133451,66.73214285714285,126.73214285714289,0.95
127,171.3419632469981,107.01785714285717,126.73214285714289,0.95
128,171.1101963722334,62.73214285714284,126.73214285714289,0.95
129,170.88086610991184,40.732142857142854,126.73214285714289,0.95
130,170.65392729222245,122.01785714285715,126.73214285714289,0.95
131,170.42933594064462,60.01785714285712,126.73214285714289,0.95
132,170.20704922556396,47.01785714285714,126.73214285714289,0.95
133,169.987025427562,66.01785714285714,126.73214285714289,0.95
134,169.7692239002973,81.73214285714286,126.73214285714289,0.95
135,169.55360503490164,68.01785714285714,126.73214285714289,0.95
136,169.34013022581763,72.58928571428572,126.73214285714289,0.95
137,169.12876183801018,49.30357142857142,126.73214285714289,0.95
138,168.91946317548542,88.30357142857143,126.73214285714289,0.95
139,168.7121984510568,78.58928571428571,126.73214285714289,0.95
140,168.50693275729947,65.44642857142854,126.73214285714289,0.95
141,168.30363203863834,96.01785714285715,126.73214285714289,0.95
142,168.1022630645173,38.589285714285694,126.73214285714289,0.95
143,167.90279340360078,104.30357142857143,126.73214285714289,0.95
144,167.70519139896024,116.30357142857147,126.73214285714289,0.95
145,167.50942614420185,51.16071428571428,126.73214285714289,0.95
146,167.31546746049298,77.73214285714285,126.73214285714289,0.95
147,167.12328587444762,98.73214285714285,126.73214285714289,0.95
148,166.93285259683304,55.5892857142857,126.73214285714289,0.95
149,166.74413950206167,36.73214285714285,126.73214285714289,0.95
150,166.55711910843397,59.5892857142857,126.73214285714289,0.95
151,166.37176455910017,59.5892857142857,126.73214285714289,0.95
152,166.18804960370957,107.73214285714286,126.73214285714289,0.95
153,166.0059485807187,55.589285714285694,126.73214285714289,0.95
154,165.8254364003301,72.58928571428572,126.73214285714289,0.95
155,165.64648852803495,59.5892857142857,126.73214285714289,0.95
156,165.4690809687354,81.1607142857143,126.73214285714289,0.95
157,165.293190251421,72.73214285714285,126.73214285714289,0.95
158,165.1187934143779,72.73214285714285,126.73214285714289,0.95
159,164.9458679909079,63.44642857142856,126.73214285714289,0.95
160,164.7743919955373,51.73214285714284,126.73214285714289,0.95
161,164.60434391069535,90.73214285714288,126.73214285714289,0.95
162,164.43570267384362,79.01785714285715,126.73214285714289,0.95
163,164.26844766503834,30.303571428571423,126.73214285714289,0.95
164,164.10255869490814,94.73214285714286,126.73214285714289,0.95
165,163.9380159930316,87.58928571428574,126.73214285714289,0.95
166,163.774800196698,49.01785714285712,126.73214285714289,0.95
167,163.612892340037,68.73214285714285,126.73214285714289,0.95
168,163.45227384350292,61.44642857142855,126.73214285714289,0.95
169,163.2929265036996,74.58928571428572,126.73214285714289,0.95
170,163.13483248353305,87.01785714285714,126.73214285714289,0.95
171,162.9779743026797,120.73214285714289,126.73214285714289,0.95
172,162.82233482835798,120.73214285714289,126.73214285714289,0.95
173,162.66789726639152,120.73214285714289,126.73214285714289,0.95
174,162.51464515255404,120.73214285714289,126.73214285714289,0.95
175,162.36256234418468,62.73214285714284,126.73214285714289,0.95
176,162.21163301206388,61.44642857142855,126.73214285714289,0.95
177,162.0618416325407,94.30357142857144,126.73214285714289,0.95
178,161.9131729799017,70.01785714285714,126.73214285714289,0.95
179,161.76561211897345,57.01785714285713,126.73214285714289,0.95
180,161.6191443979495,102.58928571428574,126.73214285714289,0.95
181,161.47375544143415,118.30357142857146,126.73214285714289,0.95
182,161.32943114369533,118.30357142857146,126.73214285714289,0.95
183,161.18615766211886,42.5892857142857,126.73214285714289,0.95
184,161.04392141085722,137.01785714285717,137.01785714285717,0.95
185,160.9027090546662,137.01785714285717,137.01785714285717,0.95
186,160.7625075029222,77.73214285714285,137.01785714285717,0.95
187,160.62330390381484,69.30357142857143,137.01785714285717,0.95
188,160.48508563870806,79.01785714285714,137.01785714285717,0.95
189,160.3478403166641,107.16071428571432,137.01785714285717,0.95
190,160.21155576912543,107.16071428571432,137.01785714285717,0.95
191,160.07622004474806,66.01785714285714,137.01785714285717,0.95
192,159.94182140438244,49.01785714285713,137.01785714285717,0.95
193,159.80834831619597,89.58928571428572,137.01785714285717,0.95
194,159.67578945093294,83.01785714285715,137.01785714285717,0.95
195,159.54413367730717,65.44642857142856,137.01785714285717,0.95
196,159.41337005752285,66.01785714285714,137.01785714285717,0.95
197,159.2834878429197,37.303571428571416,137.01785714285717,0.95
198,159.15447646973797,100.58928571428572,137.01785714285717,0.95
199,159.02632555499963,45.017857142857125,137.01785714285717,0.95
200,158.89902489250198,102.58928571428572,137.01785714285717,0.95
201,158.77256444891998,64.01785714285714,137.01785714285717,0.95
202,158.64693436001363,98.01785714285715,137.01785714285717,0.95
203,158.52212492693778,98.01785714285715,137.01785714285717,0.95
204,158.39812661265,83.73214285714285,137.01785714285717,0.95
205,158.2749300384143,85.58928571428572,137.01785714285717,0.95
206,158.15252598039754,34.73214285714284,137.01785714285717,0.95
207,158.0309053663551,59.58928571428571,137.01785714285717,0.95
208,157.91005927240383,109.73214285714288,137.01785714285717,0.95
209,157.7899789198788,77.73214285714286,137.01785714285717,0.95
210,157.67065567227192,88.30357142857143,137.01785714285717,0.95
211,157.55208103224956,72.73214285714285,137.01785714285717,0.95
212,157.43424663874666,101.58928571428574,137.01785714285717,0.95
213,157.3171442641354,74.58928571428572,137.01785714285717,0.95
214,157.20076581146589,49.01785714285713,137.01785714285717,0.95
215,157.0851033117767,83.58928571428572,137.01785714285717,0.95
216,156.97014892147328,66.01785714285715,137.01785714285717,0.95
217,156.8558949197722,104.01785714285715,137.01785714285717,0.95
218,156.74233370620925,87.01785714285714,137.01785714285717,0.95
219,156.62945779820942,14.589285714285696,137.01785714285717,0.95
220,156.51725982871704,68.73214285714285,137.01785714285717,0.95
221,156.40573254388448,103.30357142857144,137.01785714285717,0.95
222,156.2948688008173,107.01785714285715,137.01785714285717,0.95
223,156.1846615653745,126.16071428571432,137.01785714285717,0.95
224,156.07510391002234,126.16071428571432,137.01785714285717,0.95
225,155.96618901174006,126.16071428571432,137.01785714285717,0.95
226,155.8579101499758,126.16071428571432,137.01785714285717,0.95
227,155.75026070465182,126.16071428571432,137.01785714285717,0.95
228,155.64323415421723,93.01785714285715,137.01785714285717,0.95
229,155.53682407374683,105.01785714285717,137.01785714285717,0.95
230,155.43102413308515,74.44642857142858,137.01785714285717,0.95
231,155.32582809503407,66.01785714285714,137.01785714285717,0.95
232,155.2212298135829,70.58928571428572,137.01785714285717,0.95
233,155.11722323217995,113.58928571428575,137.01785714285717,0.95
234,155.01380238204396,113.58928571428575,137.01785714285717,0.95
235,154.910961380515,96.58928571428572,137.01785714285717,0.95
236,154.80869442944308,94.73214285714286,137.01785714285717,0.95
237,154.70699581361367,74.01785714285714,137.01785714285717,0.95
238,154.6058598992096,99.58928571428572,137.01785714285717,0.95
239,154.50528113230743,49.73214285714283,137.01785714285717,0.95
240,154.4052540374082,72.58928571428571,137.01785714285717,0.95
241,154.30577321600128,90.73214285714285,137.01785714285717,0.95
242,154.2068333451603,48.5892857142857,137.01785714285717,0.95
243,154.10842917617072,79.01785714285714,137.01785714285717,0.95
244,154.01055553318778,90.73214285714286,137.01785714285717,0.95
245,153.9132073119243,92.30357142857143,137.01785714285717,0.95
246,153.81637947836745,105.73214285714286,137.01785714285717,0.95
247,153.72006706752373,96.73214285714288,137.01785714285717,0.95
248,153.62426518219138,84.30357142857143,137.01785714285717,0.95
249,153.5289689917597,92.73214285714288,137.01785714285717,0.95
250,153.43417373103452,92.73214285714288,137.01785714285717,0.95
251,153.33987469908857,30.303571428571416,137.01785714285717,0.95
252,153.24606725813746,49.73214285714285,137.01785714285717,0.95
253,153.15274683243896,81.73214285714285,137.01785714285717,0.95
254,153.05990890721648,66.01785714285714,137.01785714285717,0.95
255,152.96754902760497,12.017857142857139,137.01785714285717,0.95
256,152.8756627976194,74.73214285714283,137.01785714285717,0.95
257,152.7842458791451,55.73214285714283,137.01785714285717,0.95
258,152.69329399094914,122.58928571428574,137.01785714285717,0.95
259,152.60280290771263,62.732142857142826,137.01785714285717,0.95
260,152.51276845908308,119.58928571428575,137.01785714285717,0.95
261,152.4231865287464,17.732142857142847,137.01785714285717,0.95
262,152.3340530535185,58.30357142857142,137.01785714285717,0.95
263,152.24536402245505,81.01785714285714,137.01785714285717,0.95
264,152.15711547598005,103.30357142857146,137.01785714285717,0.95
265,152.069303505032,89.58928571428575,137.01785714285717,0.95
266,151.98192425022742,38.73214285714285,137.01785714285717,0.95
267,151.89497390104162,66.01785714285712,137.01785714285717,0.95
268,151.80844869500578,61.017857142857125,137.01785714285717,0.95
269,151.7223449169204,51.73214285714284,137.01785714285717,0.95
270,151.63665889808445,66.30357142857142,137.01785714285717,0.95
271,151.55138701553994,113.58928571428574,137.01785714285717,0.95
272,151.46652569133173,66.73214285714285,137.01785714285717,0.95
273,151.38207139178172,79.01785714285714,137.01785714285717,0.95
274,151.29802062677777,79.73214285714285,137.01785714285717,0.95
275,151.21436994907629,91.44642857142858,137.01785714285717,0.95
276,151.13111595361877,58.30357142857143,137.01785714285717,0.95
277,151.04825527686168,58.30357142857141,137.01785714285717,0.95
278,150.96578459611914,51.73214285714284,137.01785714285717,0.95
279,150.8837006289189,69.44642857142857,137.01785714285717,0.95
280,150.80200013237015,73.30357142857143,137.01785714285717,0.95
281,150.7206799025441,58.732142857142826,137.01785714285717,0.95
282,150.63973677386605,120.30357142857146,137.01785714285717,0.95
283,150.5591676185193,53.01785714285713,137.01785714285717,0.95
284,150.47896934586043,62.732142857142826,137.01785714285717,0.95
285,150.39913890184556,50.01785714285714,137.01785714285717,0.95
286,150.31967326846768,85.58928571428574,137.01785714285717,0.95
287,150.24056946320445,91.58928571428572,137.01785714285717,0.95
288,150.16182453847637,79.73214285714285,137.01785714285717,0.95
289,150.08343558111525,53.01785714285711,137.01785714285717,0.95
290,150.00539971184253,104.58928571428574,137.01785714285717,0.95
291,149.92771408475724,104.58928571428574,137.01785714285717,0.95
292,149.8503758868335,89.58928571428572,137.01785714285717,0.95
293,149.77338233742748,89.58928571428572,137.01785714285717,0.95
294,149.69673068779306,108.58928571428574,137.01785714285717,0.95
295,149.6204182206069,69.73214285714285,137.01785714285717,0.95
296,149.54444224950151,51.732142857142854,137.01785714285717,0.95
297,149.46880011860767,81.01785714285714,137.01785714285717,0.95
298,149.39348920210435,99.30357142857144,137.01785714285717,0.95
299,149.3185069037774,77.73214285714285,137.01785714285717,0.95
300,149.24385065658583,75.30357142857142,137.01785714285717,0.95
301,149.16951792223603,60.01785714285713,137.01785714285717,0.95
302,149.0955061907636,65.44642857142856,137.01785714285717,0.95
303,149.02181298012263,53.73214285714285,137.01785714285717,0.95
304,148.94843583578248,76.01785714285717,137.01785714285717,0.95
305,148.8753723303312,83.58928571428572,137.01785714285717,0.95
306,148.80262006308672,49.01785714285712,137.01785714285717,0.95
307,148.73017665971418,64.73214285714283,137.01785714285717,0.95
308,148.65803977185044,53.732142857142854,137.01785714285717,0.95
309,148.5862070767349,109.73214285714288,137.01785714285717,0.95
310,148.51467627684696,109.73214285714288,137.01785714285717,0.95
311,148.44344509954973,96.01785714285715,137.01785714285717,0.95
312,148.37251129673976,61.58928571428571,137.01785714285717,0.95
313,148.30187264450305,83.58928571428572,137.01785714285717,0.95
314,148.23152694277687,103.30357142857144,137.01785714285717,0.95
315,148.16147201501735,70.01785714285714,137.01785714285717,0.95
316,148.09170570787285,103.30357142857144,137.01785714285717,0.95
317,148.0222258908629,66.58928571428571,137.01785714285717,0.95
318,147.9530304560625,85.01785714285714,137.01785714285717,0.95
319,147.8841173177918,118.0178571428572,137.01785714285717,0.95
320,147.81548441231126,56.30357142857143,137.01785714285717,0.95
321,147.74712969752144,101.58928571428574,137.01785714285717,0.95
322,147.6790511526684,81.01785714285714,137.01785714285717,0.95
323,147.61124677805358,115.58928571428574,137.01785714285717,0.95
324,147.54371459474885,79.01785714285714,137.01785714285717,0.95
325,147.47645264431597,79.01785714285714,137.01785714285717,0.95
326,147.4094589885311,85.01785714285714,137.01785714285717,0.95
327,147.34273170911354,35.01785714285713,137.01785714285717,0.95
328,147.27626890745898,70.01785714285714,137.01785714285717,0.95
329,147.21006870437733,81.01785714285715,137.01785714285717,0.95
330,147.14412923983468,59.017857142857125,137.01785714285717,0.95
331,147.0784486726994,90.01785714285717,137.01785714285717,0.95
332,147.01302518049266,70.01785714285714,137.01785714285717,0.95
333,146.94785695914268,34.73214285714285,137.01785714285717,0.95
334,146.8829422227431,81.1607142857143,137.01785714285717,0.95
335,146.81827920331537,98.73214285714285,137.01785714285717,0.95
336,146.75386615057468,96.73214285714285,137.01785714285717,0.95
337,146.6897013316998,68.01785714285714,137.01785714285717,0.95
338,146.62578303110675,79.16071428571429,137.01785714285717,0.95
339,146.5621095502257,74.58928571428574,137.01785714285717,0.95
340,146.49867920728184,49.73214285714283,137.01785714285717,0.95
341,146.43549033707936,65.44642857142854,137.01785714285717,0.95
342,146.3725412907891,66.73214285714285,137.01785714285717,0.95
343,146.3098304357393,100.58928571428574,137.01785714285717,0.95
344,146.24735615520993,111.01785714285717,137.01785714285717,0.95
345,146.18511684823,78.01785714285714,137.01785714285717,0.95
346,146.12311092937816,107.01785714285715,137.01785714285717,0.95
347,146.0613368285863,90.01785714285715,137.01785714285717,0.95
348,145.99979299094625,83.73214285714288,137.01785714285717,0.95
349,145.9384778765196,89.58928571428572,137.01785714285717,0.95
350,145.87738996015023,92.01785714285715,137.01785714285717,0.95
351,145.81652773127973,23.16071428571427,137.01785714285717,0.95
352,145.755889693766,66.73214285714285,137.01785714285717,0.95
353,145.6954743657041,64.73214285714285,137.01785714285717,0.95
354,145.6352802792503,96.01785714285717,137.01785714285717,0.95
355,145.57530598044858,85.01785714285715,137.01785714285717,0.95
356,145.51555002905954,66.01785714285712,137.01785714285717,0.95
357,145.45601099839257,91.58928571428572,137.01785714285717,0.95
358,145.39668747513974,80.58928571428572,137.01785714285717,0.95
359,145.33757805921275,84.30357142857143,137.01785714285717,0.95
360,145.27868136358217,79.58928571428574,137.01785714285717,0.95
361,145.21999601411895,84.58928571428572,137.01785714285717,0.95
362,145.16152064943847,97.30357142857143,137.01785714285717,0.95
363,145.10325392074682,97.30357142857143,137.01785714285717,0.95
364,145.04519449168941,88.01785714285715,137.01785714285717,0.95
365,144.9873410382017,76.01785714285714,137.01785714285717,0.95
366,144.9296922483623,100.01785714285717,137.01785714285717,0.95
367,144.87224682224812,100.01785714285717,137.01785714285717,0.95
368,144.8150034717916,55.01785714285714,137.01785714285717,0.95
369,144.75796092064027,68.16071428571429,137.01785714285717,0.95
370,144.70111790401796,51.73214285714283,137.01785714285717,0.95
371,144.6444731685884,53.732142857142854,137.01785714285717,0.95
372,144.5880254723206,75.30357142857143,137.01785714285717,0.95
373,144.53177358435622,95.58928571428575,137.01785714285717,0.95
374,144.47571628487884,80.44642857142857,137.01785714285717,0.95
375,144.41985236498525,87.16071428571432,137.01785714285717,0.95
376,144.3641806265583,66.01785714285714,137.01785714285717,0.95
377,144.30869988214175,86.30357142857143,137.01785714285717,0.95
378,144.25340895481702,42.589285714285694,137.01785714285717,0.95
379,144.1983066780814,94.01785714285717,137.01785714285717,0.95
380,144.1433918957283,98.73214285714286,137.01785714285717,0.95
381,144.08866346172894,109.73214285714288,137.01785714285717,0.95
382,144.03412024011578,109.73214285714288,137.01785714285717,0.95
383,143.97976110486778,92.01785714285715,137.01785714285717,0.95
384,143.92558493979692,92.01785714285715,137.01785714285717,0.95
385,143.8715906384367,47.73214285714284,137.01785714285717,0.95
386,143.81777710393177,94.73214285714286,137.01785714285717,0.95
387,143.76414324892966,96.01785714285715,137.01785714285717,0.95
388,143.71068799547328,97.58928571428574,137.01785714285717,0.95
389,143.65741027489565,89.01785714285715,137.01785714285717,0.95
390,143.60430902771557,96.16071428571432,137.01785714285717,0.95
391,143.55138320353487,113.01785714285717,137.01785714285717,0.95
392,143.49863176093731,72.58928571428572,137.01785714285717,0.95
393,143.44605366738847,101.01785714285717,137.01785714285717,0.95
394,143.39364789913728,77.73214285714286,137.01785714285717,0.95
395,143.34141344111876,105.01785714285717,137.01785714285717,0.95
396,143.28934928685828,77.73214285714285,137.01785714285717,0.95
397,143.2374544383768,64.01785714285714,137.01785714285717,0.95
398,143.1857279060977,100.58928571428572,137.01785714285717,0.95
399,143.13416870875466,100.58928571428572,137.01785714285717,0.95
400,143.08277587330093,99.01785714285715,137.01785714285717,0.95
401,143.03154843481968,99.58928571428574,137.01785714285717,0.95
402,142.9804854364357,111.58928571428574,137.01785714285717,0.95
403,142.92958592922812,76.58928571428572,137.01785714285717,0.95
404,142.87884897214445,76.58928571428572,137.01785714285717,0.95
405,142.82827363191558,98.01785714285717,137.01785714285717,0.95
406,142.7778589829722,98.01785714285717,137.01785714285717,0.95
407,142.72760410736186,98.01785714285717,137.01785714285717,0.95
408,142.6775080946678,81.73214285714285,137.01785714285717,0.95
409,142.62757004192798,81.01785714285714,137.01785714285717,0.95
410,142.5777890535561,101.30357142857147,137.01785714285717,0.95
411,142.52816424126297,101.30357142857147,137.01785714285717,0.95
412,142.4786947239791,48.589285714285694,137.01785714285717,0.95
413,142.42937962777842,85.73214285714285,137.01785714285717,0.95
414,142.380218085803,47.73214285714284,137.01785714285717,0.95
415,142.33120923818853,85.01785714285715,137.01785714285717,0.95
416,142.2823522319909,90.30357142857143,137.01785714285717,0.95
417,142.23364622111382,76.01785714285714,137.01785714285717,0.95
418,142.18509036623715,72.58928571428572,137.01785714285717,0.95
419,142.1366838347464,74.58928571428572,137.01785714285717,0.95
420,142.08842580066295,104.01785714285717,137.01785714285717,0.95
421,142.04031544457513,125.58928571428575,137.01785714285717,0.95
422,141.99235195357048,114.30357142857144,137.01785714285717,0.95
423,141.94453452116846,114.30357142857144,137.01785714285717,0.95
424,141.8968623472544,77.73214285714286,137.01785714285717,0.95
425,141.84933463801391,62.73214285714284,137.01785714285717,0.95
426,141.80195060586843,78.58928571428571,137.01785714285717,0.95
427,141.75470946941152,78.58928571428571,137.01785714285717,0.95
428,141.70761045334578,109.01785714285717,137.01785714285717,0.95
429,141.66065278842075,100.01785714285715,137.01785714285717,0.95
430,141.61383571137154,57.16071428571426,137.01785714285717,0.95
431,141.5671584648582,58.732142857142826,137.01785714285717,0.95
432,141.52062029740583,64.01785714285712,137.01785714285717,0.95
433,141.47422046334552,32.73214285714284,137.01785714285717,0.95
434,141.42795822275588,31.5892857142857,137.01785714285717,0.95
435,141.38183284140544,53.73214285714285,137.01785714285717,0.95
436,141.33584359069573,53.58928571428571,137.01785714285717,0.95
437,141.28998974760484,92.73214285714286,137.01785714285717,0.95
438,141.24427059463213,83.73214285714285,137.01785714285717,0.95
439,141.19868541974316,109.01785714285717,137.01785714285717,0.95
440,141.15323351631554,92.01785714285714,137.01785714285717,0.95
441,141.10791418308537,105.01785714285717,137.01785714285717,0.95
442,141.06272672409438,105.01785714285717,137.01785714285717,0.95
443,141.0176704486376,49.01785714285712,137.01785714285717,0.95
444,140.97274467121187,79.73214285714289,137.01785714285717,0.95
445,140.9279487114647,92.73214285714286,137.01785714285717,0.95
446,140.88328189414398,86.30357142857144,137.01785714285717,0.95
447,140.83874354904813,73.44642857142856,137.01785714285717,0.95
448,140.79433301097706,81.01785714285714,137.01785714285717,0.95
449,140.7500496196834,79.73214285714285,137.01785714285717,0.95
450,140.70589271982465,84.30357142857143,137.01785714285717,0.95
451,140.66186166091563,85.58928571428572,137.01785714285717,0.95
452,140.61795579728167,97.58928571428572,137.01785714285717,0.95
453,140.57417448801232,98.1607142857143,137.01785714285717,0.95
454,140.5305170969155,46.5892857142857,137.01785714285717,0.95
455,140.48698299247235,44.017857142857125,137.01785714285717,0.95
456,140.4435715477925,76.44642857142856,137.01785714285717,0.95
457,140.40028214056986,64.30357142857143,137.01785714285717,0.95
458,140.35711415303916,70.01785714285714,137.01785714285717,0.95
459,140.31406697193253,68.01785714285714,137.01785714285717,0.95
460,140.27113998843714,54.160714285714285,137.01785714285717,0.95
461,140.22833259815286,72.01785714285714,137.01785714285717,0.95
462,140.18564420105076,98.01785714285715,137.01785714285717,0.95
463,140.14307420143183,23.01785714285714,137.01785714285717,0.95
464,140.1006220078864,72.58928571428571,137.01785714285717,0.95
465,140.05828703325386,108.58928571428575,137.01785714285717,0.95
466,140.0160686945829,55.017857142857125,137.01785714285717,0.95
467,139.97396641309234,87.58928571428575,137.01785714285717,0.95
468,139.9319796141321,73.30357142857147,137.01785714285717,0.95
469,139.89010772714497,2.30357142857141,137.01785714285717,0.95
470,139.8483501856285,74.01785714285712,137.01785714285717,0.95
471,139.80670642709768,111.01785714285717,137.01785714285717,0.95
472,139.7651758930476,93.44642857142857,137.01785714285717,0.95
473,139.72375802891702,73.73214285714286,137.01785714285717,0.95
474,139.68245228405183,61.5892857142857,137.01785714285717,0.95
475,139.64125811166954,96.58928571428574,137.01785714285717,0.95
476,139.60017496882355,91.58928571428574,137.01785714285717,0.95
477,139.55920231636824,107.01785714285717,137.01785714285717,0.95
478,139.51833961892427,107.01785714285717,137.01785714285717,0.95
479,139.47758634484438,79.01785714285715,137.01785714285717,0.95
480,139.4369419661794,106.58928571428574,137.01785714285717,0.95
481,139.39640595864492,79.01785714285714,137.01785714285717,0.95
482,139.35597780158795,72.44642857142857,137.01785714285717,0.95
483,139.31565697795438,82.01785714285714,137.01785714285717,0.95
484,139.27544297425638,46.58928571428571,137.01785714285717,0.95
485,139.23533528054054,126.16071428571432,137.01785714285717,0.95
486,139.1953333903561,85.58928571428574,137.01785714285717,0.95
487,139.1554368007236,119.73214285714289,137.01785714285717,0.95
488,139.11564501210393,65.44642857142856,137.01785714285717,0.95
489,139.07595752836767,83.58928571428572,137.01785714285717,0.95
490,139.0363738567648,85.58928571428572,137.01785714285717,0.95
491,138.99689350789475,66.73214285714285,137.01785714285717,0.95
492,138.9575159956766,99.30357142857146,137.01785714285717,0.95
493,138.91824083731993,32.73214285714284,137.01785714285717,0.95
494,138.87906755329567,85.58928571428572,137.01785714285717,0.95
495,138.83999566730756,79.01785714285714,137.01785714285717,0.95
496,138.8010247062636,106.01785714285715,137.01785714285717,0.95
497,138.76215420024806,86.30357142857143,137.01785714285717,0.95
498,138.7233836824937,33.589285714285694,137.01785714285717,0.95
499,138.6847126893543,55.017857142857125,137.01785714285717,0.95
500,138.6461407602774,60.30357142857141,137.01785714285717,0.95
501,138.6076674377776,54.446428571428555,137.01785714285717,0.95
502,138.56929226740962,41.303571428571416,137.01785714285717,0.95
503,138.53101479774242,47.73214285714284,137.01785714285717,0.95
504,138.49283458033275,101.01785714285717,137.01785714285717,0.95
505,138.45475116969976,34.73214285714285,137.01785714285717,0.95
506,138.41676412329912,90.01785714285715,137.01785714285717,0.95
507,138.3788730014982,92.01785714285715,137.01785714285717,0.95
508,138.34107736755078,67.44642857142856,137.01785714285717,0.95
509,138.30337678757257,59.58928571428571,137.01785714285717,0.95
510,138.26577083051674,76.58928571428572,137.01785714285717,0.95
511,138.22825906814973,56.589285714285694,137.01785714285717,0.95
512,138.19084107502724,79.01785714285714,137.01785714285717,0.95
513,138.15351642847074,86.30357142857143,137.01785714285717,0.95
514,138.116284708544,66.01785714285714,137.01785714285717,0.95
515,138.07914549802976,78.58928571428572,137.01785714285717,0.95
516,138.042098382407,81.01785714285717,137.01785714285717,0.95
517,138.00514294982815,81.01785714285717,137.01785714285717,0.95
518,137.9682787910966,95.01785714285715,137.01785714285717,0.95
519,137.93150549964446,95.01785714285715,137.01785714285717,0.95
520,137.8948226715107,84.58928571428572,137.01785714285717,0.95
521,137.8582299053192,75.58928571428571,137.01785714285717,0.95
522,137.82172680225736,89.01785714285714,137.01785714285717,0.95
523,137.7853129660546,47.017857142857125,137.01785714285717,0.95
524,137.7489880029614,61.58928571428571,137.01785714285717,0.95
525,137.7127515217283,55.589285714285694,137.01785714285717,0.95
526,137.6766031335853,115.58928571428574,137.01785714285717,0.95
527,137.64054245222135,94.30357142857144,137.01785714285717,0.95
528,137.60456909376407,94.30357142857144,137.01785714285717,0.95
529,137.56868267675972,85.58928571428572,137.01785714285717,0.95
530,137.53288282215334,87.01785714285715,137.01785714285717,0.95
531,137.49716915326914,49.73214285714284,137.01785714285717,0.95
532,137.46154129579088,105.01785714285717,137.01785714285717,0.95
533,137.4259988777429,75.30357142857143,137.01785714285717,0.95
534,137.39054152947074,57.017857142857125,137.01785714285717,0.95
535,137.3551688836225,70.01785714285714,137.01785714285717,0.95
536,137.31988057513,109.58928571428574,137.01785714285717,0.95
537,137.2846762411904,106.58928571428575,137.01785714285717,0.95
538,137.24955552124777,92.73214285714285,137.01785714285717,0.95
539,137.21451805697512,73.30357142857143,137.01785714285717,0.95
540,137.17956349225628,58.30357142857143,137.01785714285717,0.95
541,137.14469147316814,73.30357142857142,137.01785714285717,0.95
542,137.10990164796323,31.5892857142857,137.01785714285717,0.95
543,137.07519366705205,47.73214285714284,137.01785714285717,0.95
544,137.04056718298602,87.58928571428574,137.01785714285717,0.95
545,137.0060218504403,36.73214285714285,137.01785714285717,0.95
546,136.97155732619683,70.58928571428571,137.01785714285717,0.95
547,136.9371732691277,98.58928571428575,137.01785714285717,0.95
548,136.90286934017854,108.58928571428574,137.01785714285717,0.95
549,136.86864520235193,90.01785714285715,137.01785714285717,0.95
550,136.83450052069142,76.01785714285714,137.01785714285717,0.95
551,136.80043496226517,77.73214285714285,137.01785714285717,0.95
552,136.76644819615015,75.01785714285714,137.01785714285717,0.95
553,136.73253989341634,57.58928571428571,137.01785714285717,0.95
554,136.69870972711092,68.73214285714285,137.01785714285717,0.95
555,136.6649573722431,74.44642857142856,137.01785714285717,0.95
556,136.6312825057684,75.73214285714285,137.01785714285717,0.95
557,136.5976848065738,74.01785714285714,137.01785714285717,0.95
558,136.56416395546248,62.732142857142826,137.01785714285717,0.95
559,136.53071963513895,89.73214285714286,137.01785714285717,0.95
560,136.49735153019438,89.73214285714286,137.01785714285717,0.95
561,136.46405932709192,96.73214285714288,137.01785714285717,0.95
562,136.43084271415216,90.01785714285714,137.01785714285717,0.95
563,136.39770138153895,53.589285714285715,137.01785714285717,0.95
564,136.36463502124496,92.73214285714286,137.01785714285717,0.95
565,136.33164332707793,80.58928571428572,137.01785714285717,0.95
566,136.2987259946464,76.73214285714283,137.01785714285717,0.95
567,136.26588272134612,76.58928571428572,137.01785714285717,0.95
568,136.23311320634627,61.017857142857125,137.01785714285717,0.95
569,136.20041715057604,71.44642857142856,137.01785714285717,0.95
570,136.16779425671103,79.01785714285714,137.01785714285717,0.95
571,136.13524422916012,49.01785714285712,137.01785714285717,0.95
572,136.10276677405224,57.589285714285694,137.01785714285717,0.95
573,136.07036159922325,68.58928571428572,137.01785714285717,0.95
574,136.03802841420315,78.44642857142857,137.01785714285717,0.95
575,136.00576693020324,81.73214285714285,137.01785714285717,0.95
576,135.97357686010335,94.1607142857143,137.01785714285717,0.95
577,135.94145791843937,53.5892857142857,137.01785714285717,0.95
578,135.90940982139077,99.30357142857144,137.01785714285717,0.95
579,135.87743228676825,57.73214285714285,137.01785714285717,0.95
580,135.84552503400155,57.73214285714285,137.01785714285717,0.95
581,135.81368778412735,68.01785714285714,137.01785714285717,0.95
582,135.7819202597772,70.01785714285714,137.01785714285717,0.95
583,135.75022218516574,60.303571428571416,137.01785714285717,0.95
584,135.71859328607883,73.73214285714285,137.01785714285717,0.95
585,135.68703328986194,70.01785714285712,137.01785714285717,0.95
586,135.6555419254086,109.01785714285717,137.01785714285717,0.95
587,135.6241189231489,62.303571428571416,137.01785714285717,0.95
588,135.59276401503809,66.01785714285714,137.01785714285717,0.95
589,135.5614769345455,57.73214285714286,137.01785714285717,0.95
590,135.53025741664322,46.017857142857125,137.01785714285717,0.95
591,135.49910519779513,68.73214285714283,137.01785714285717,0.95
592,135.46802001594597,51.01785714285713,137.01785714285717,0.95
593,135.4370016105105,38.01785714285713,137.01785714285717,0.95
594,135.4060497223626,112.01785714285715,137.01785714285717,0.95
595,135.37516409382494,97.30357142857143,137.01785714285717,0.95
596,135.34434446865805,82.30357142857143,137.01785714285717,0.95
597,135.3135905920501,82.30357142857143,137.01785714285717,0.95
598,135.2829022106065,68.58928571428572,137.01785714285717,0.95
599,135.25227907233952,79.01785714285712,137.01785714285717,0.95
600,135.22172092665826,75.01785714285715,137.01785714285717,0.95
601,135.1912275243584,68.73214285714285,137.01785714285717,0.95
602,135.16079861761236,64.73214285714283,137.01785714285717,0.95
603,135.1304339599592,77.01785714285714,137.01785714285717,0.95
604,135.10013330629496,62.73214285714284,137.01785714285717,0.95
605,135.0698964128629,115.58928571428575,137.01785714285717,0.95
606,135.03972303724368,49.303571428571416,137.01785714285717,0.95
607,135.00961293834604,53.01785714285712,137.01785714285717,0.95
608,134.9795658763971,117.58928571428574,137.01785714285717,0.95
609,134.9495816129331,77.73214285714285,137.01785714285717,0.95
610,134.91965991079,49.30357142857142,137.01785714285717,0.95
611,134.88980053409435,70.01785714285714,137.01785714285717,0.95
612,134.86000324825403,70.01785714285714,137.01785714285717,0.95
613,134.8302678199492,51.16071428571427,137.01785714285717,0.95
614,134.80059401712327,54.30357142857142,137.01785714285717,0.95
615,134.77098160897415,83.73214285714286,137.01785714285717,0.95
616,134.74143036594518,83.73214285714286,137.01785714285717,0.95
617,134.7119400597165,42.01785714285713,137.01785714285717,0.95
618,134.68251046319637,59.58928571428571,137.01785714285717,0.95
619,134.6531413505125,64.01785714285714,137.01785714285717,0.95
620,134.62383249700355,68.01785714285714,137.01785714285717,0.95
621,134.59458367921064,64.01785714285712,137.01785714285717,0.95
622,134.56539467486903,66.73214285714285,137.01785714285717,0.95
623,134.53626526289963,62.732142857142826,137.01785714285717,0.95
624,134.50719522340097,94.30357142857143,137.01785714285717,0.95
625,134.47818433764087,103.73214285714285,137.01785714285717,0.95
626,134.44923238804844,103.73214285714285,137.01785714285717,0.95
627,134.42033915820588,68.01785714285712,137.01785714285717,0.95
628,134.39150443284072,107.58928571428574,137.01785714285717,0.95
629,134.36272799781779,107.58928571428574,137.01785714285717,0.95
630,134.33400964013134,75.73214285714285,137.01785714285717,0.95
631,134.30534914789743,66.58928571428571,137.01785714285717,0.95
632,134.27674631034614,68.01785714285714,137.01785714285717,0.95
633,134.24820091781385,109.16071428571433,137.01785714285717,0.95
634,134.21971276173585,46.01785714285713,137.01785714285717,0.95
635,134.1912816346386,94.1607142857143,137.01785714285717,0.95
636,134.1629073301326,94.1607142857143,137.01785714285717,0.95
637,134.1345896429047,90.73214285714286,137.01785714285717,0.95
638,134.10632836871093,64.01785714285714,137.01785714285717,0.95
639,134.0781233043692,57.01785714285713,137.01785714285717,0.95
640,134.04997424775215,90.30357142857143,137.01785714285717,0.95
641,134.02188099777993,106.73214285714286,137.01785714285717,0.95
642,133.99384335441326,106.73214285714286,137.01785714285717,0.95
643,133.9658611186462,52.44642857142857,137.01785714285717,0.95
644,133.93793409249935,76.73214285714285,137.01785714285717,0.95
645,133.91006207901296,81.73214285714285,137.01785714285717,0.95
646,133.88224488223995,64.01785714285712,137.01785714285717,0.95
647,133.85448230723924,79.73214285714286,137.01785714285717,0.95
648,133.82677416006894,124.58928571428572,137.01785714285717,0.95
649,133.7991202477797,68.73214285714288,137.01785714285717,0.95
650,133.77152037840813,12.589285714285696,137.01785714285717,0.95
651,133.74397436097013,83.58928571428572,137.01785714285717,0.95
652,133.71648200545448,106.58928571428575,137.01785714285717,0.95
653,133.68904312281632,100.73214285714286,137.01785714285717,0.95
654,133.66165752497074,25.017857142857125,137.01785714285717,0.95
655,133.63432502478642,85.58928571428575,137.01785714285717,0.95
656,133.6070454360794,42.44642857142857,137.01785714285717,0.95
657,133.57981857360673,88.01785714285715,137.01785714285717,0.95
658,133.5526442530603,88.01785714285715,137.01785714285717,0.95
659,133.52552229106064,83.01785714285715,137.01785714285717,0.95
660,133.49845250515102,90.30357142857144,137.01785714285717,0.95
661,133.47143471379113,88.30357142857143,137.01785714285717,0.95
662,133.44446873635118,88.30357142857144,137.01785714285717,0.95
663,133.41755439310603,77.73214285714285,137.01785714285717,0.95
664,133.3906915052292,77.73214285714285,137.01785714285717,0.95
665,133.36387989478695,64.01785714285712,137.01785714285717,0.95
666,133.3371193847326,47.73214285714284,137.01785714285717,0.95
667,133.31040979890068,46.5892857142857,137.01785714285717,0.95
668,133.28375096200128,81.73214285714285,137.01785714285717,0.95
669,133.2571426996142,97.44642857142856,137.01785714285717,0.95
670,133.23058483818357,97.44642857142856,137.01785714285717,0.95
671,133.20407720501214,70.73214285714285,137.01785714285717,0.95
672,133.17761962825563,68.73214285714285,137.01785714285717,0.95
673,133.15121193691746,77.73214285714285,137.01785714285717,0.95
674,133.12485396084315,77.73214285714285,137.01785714285717,0.95
675,133.09854553071492,90.73214285714285,137.01785714285717,0.95
676,133.07228647804635,96.73214285714286,137.01785714285717,0.95
677,133.04607663517714,68.01785714285714,137.01785714285717,0.95
678,133.01991583526762,62.303571428571416,137.01785714285717,0.95
679,132.9938039122937,120.73214285714289,137.01785714285717,0.95
680,132.96774070104163,120.73214285714289,137.01785714285717,0.95
681,132.94172603710274,120.73214285714289,137.01785714285717,0.95
682,132.91575975686848,92.73214285714285,137.01785714285717,0.95
683,132.8898416975252,85.01785714285715,137.01785714285717,0.95
684,132.86397169704924,38.017857142857125,137.01785714285717,0.95
685,132.83814959420178,64.01785714285712,137.01785714285717,0.95
686,132.81237522852402,83.16071428571429,137.01785714285717,0.95
687,132.7866484403322,91.58928571428572,137.01785714285717,0.95
688,132.76096907071272,48.589285714285694,137.01785714285717,0.95
689,132.73533696151728,78.01785714285714,137.01785714285717,0.95
690,132.70975195535812,87.58928571428572,137.01785714285717,0.95
691,132.6842138956032,83.73214285714285,137.01785714285717,0.95
692,132.65872262637146,75.01785714285714,137.01785714285717,0.95
693,132.63327799252824,81.58928571428572,137.01785714285717,0.95
694,132.6078798396804,79.01785714285715,137.01785714285717,0.95
695,132.58252801417197,90.01785714285714,137.01785714285717,0.95
696,132.5572223630793,44.73214285714285,137.01785714285717,0.95
697,132.53196273420664,81.01785714285714,137.01785714285717,0.95
698,132.50674897608164,92.73214285714285,137.01785714285717,0.95
699,132.48158093795084,66.01785714285714,137.01785714285717,0.95
700,132.45645846977519,111.73214285714288,137.01785714285717,0.95
701,132.43138142222557,111.73214285714288,137.01785714285717,0.95
702,132.40634964667865,106.01785714285717,137.01785714285717,0.95
703,132.3813629952122,79.73214285714285,137.01785714285717,0.95
704,132.35642132060116,53.73214285714283,137.01785714285717,0.95
705,132.33152447631295,105.01785714285717,137.01785714285717,0.95
706,132.30667231650355,105.01785714285717,137.01785714285717,0.95
707,132.28186469601312,94.73214285714288,137.01785714285717,0.95
708,132.25710147036176,99.58928571428574,137.01785714285717,0.95
709,132.23238249574558,36.73214285714285,137.01785714285717,0.95
710,132.20770762903234,49.01785714285713,137.01785714285717,0.95
711,132.18307672775748,83.73214285714288,137.01785714285717,0.95
712,132.15848965012,76.58928571428572,137.01785714285717,0.95
713,132.1339462549785,76.58928571428572,137.01785714285717,0.95
714,132.10944640184712,58.732142857142826,137.01785714285717,0.95
715,132.08498995089155,60.73214285714287,137.01785714285717,0.95
716,132.06057676292514,111.58928571428575,137.01785714285717,0.95
717,132.036206699405,111.58928571428575,137.01785714285717,0.95
718,132.01187962242804,96.01785714285715,137.01785714285717,0.95
719,131.98759539472718,79.01785714285714,137.01785714285717,0.95
720,131.9633538796675,49.73214285714283,137.01785714285717,0.95
721,131.9391549412424,72.01785714285712,137.01785714285717,0.95
722,131.91499844406997,95.01785714285715,137.01785714285717,0.95
723,131.8908842533891,96.73214285714286,137.01785714285717,0.95
724,131.86681223505576,90.01785714285715,137.01785714285717,0.95
725,131.84278225553948,104.58928571428574,137.01785714285717,0.95
726,131.8187941819195,120.73214285714289,137.01785714285717,0.95
727,131.79484788188128,27.589285714285708,137.01785714285717,0.95
728,131.77094322371278,94.73214285714288,137.01785714285717,0.95
729,131.74708007630096,51.73214285714285,137.01785714285717,0.95
730,131.72325830912823,35.01785714285713,137.01785714285717,0.95
731,131.69947779226882,102.58928571428574,137.01785714285717,0.95
732,131.6757383963854,68.73214285714285,137.01785714285717,0.95
733,131.65203999272555,81.73214285714285,137.01785714285717,0.95
734,131.6283824531183,59.5892857142857,137.01785714285717,0.95
735,131.60476564997072,45.732142857142854,137.01785714285717,0.95
736,131.58118945626453,92.73214285714286,137.01785714285717,0.95
737,131.5576537455527,61.01785714285711,137.01785714285717,0.95
738,131.5341583919561,32.73214285714285,137.01785714285717,0.95
739,131.51070327016023,100.58928571428575,137.01785714285717,0.95
740,131.48728825541178,70.73214285714285,137.01785714285717,0.95
741,131.46391322351548,81.01785714285714,137.01785714285717,0.95
742,131.44057805083082,113.58928571428575,137.01785714285717,0.95
743,131.4172826142688,58.30357142857142,137.01785714285717,0.95
744,131.39402679128867,68.01785714285714,137.01785714285717,0.95
745,131.37081045989487,77.73214285714285,137.01785714285717,0.95
746,131.34763349863368,88.30357142857143,137.01785714285717,0.95
747,131.3244957865903,88.30357142857143,137.01785714285717,0.95
748,131.30139720338553,101.01785714285715,137.01785714285717,0.95
749,131.27833762917282,42.589285714285694,137.01785714285717,0.95
750,131.25531694463515,57.01785714285712,137.01785714285717,0.95
751,131.23233503098186,65.44642857142856,137.01785714285717,0.95
752,131.20939176994588,61.01785714285711,137.01785714285717,0.95
753,131.1864870437804,116.16071428571432,137.01785714285717,0.95
754,131.16362073525622,77.73214285714285,137.01785714285717,0.95
755,131.14079272765844,59.5892857142857,137.01785714285717,0.95
756,131.11800290478382,66.73214285714285,137.01785714285717,0.95
757,131.09525115093766,112.58928571428574,137.01785714285717,0.95
758,131.07253735093096,77.30357142857143,137.01785714285717,0.95
759,131.0498613900775,76.01785714285714,137.01785714285717,0.95
760,131.02722315419106,62.73214285714284,137.01785714285717,0.95
761,131.00462252958252,115.58928571428574,137.01785714285717,0.95
762,130.982059403057,115.58928571428574,137.01785714285717,0.95
763,130.95953366191117,75.58928571428572,137.01785714285717,0.95
764,130.9370451939303,55.589285714285694,137.01785714285717,0.95
765,130.91459388738562,106.01785714285715,137.01785714285717,0.95
766,130.89217963103158,106.01785714285715,137.01785714285717,0.95
767,130.86980231410303,96.1607142857143,137.01785714285717,0.95
768,130.8474618263126,82.58928571428572,137.01785714285717,0.95
769,130.825158057848,73.30357142857142,137.01785714285717,0.95
770,130.80289089936926,40.5892857142857,137.01785714285717,0.95
771,130.78066024200623,88.30357142857144,137.01785714285717,0.95
772,130.7584659773558,70.58928571428572,137.01785714285717,0.95
773,130.73630799747932,45.73214285714284,137.01785714285717,0.95
774,130.71418619490015,74.58928571428571,137.01785714285717,0.95
775,130.6921004626009,115.58928571428574,137.01785714285717,0.95
776,130.67005069402086,115.58928571428574,137.01785714285717,0.95
777,130.64803678305364,115.58928571428574,137.01785714285717,0.95
778,130.6260586240445,66.73214285714285,137.01785714285717,0.95
779,130.6041161117878,66.73214285714285,137.01785714285717,0.95
780,130.58220914152466,78.01785714285714,137.01785714285717,0.95
781,130.5603376089404,117.01785714285717,137.01785714285717,0.95
782,130.538501410162,117.01785714285717,137.01785714285717,0.95
783,130.51670044175594,117.01785714285717,137.01785714285717,0.95
784,130.49493460072534,58.30357142857141,137.01785714285717,0.95
785,130.473203784508,92.73214285714285,137.01785714285717,0.95
786,130.45150789097363,94.73214285714286,137.01785714285717,0.95
787,130.4298468184218,81.73214285714285,137.01785714285717,0.95
788,130.40822046557935,53.017857142857125,137.01785714285717,0.95
789,130.38662873159808,85.58928571428572,137.01785714285717,0.95
790,130.3650715160526,85.58928571428572,137.01785714285717,0.95
791,130.34354871893774,60.01785714285713,137.01785714285717,0.95
792,130.3220602406665,102.58928571428575,137.01785714285717,0.95
793,130.30060598206762,81.73214285714286,137.01785714285717,0.95
794,130.2791858443834,64.73214285714285,137.01785714285717,0.95
795,130.25779972926733,55.01785714285714,137.01785714285717,0.95
796,130.23644753878207,64.01785714285714,137.01785714285717,0.95
797,130.215129175397,100.73214285714286,137.01785714285717,0.95
798,130.19384454198612,79.1607142857143,137.01785714285717,0.95
799,130.17259354182588,106.73214285714286,137.01785714285717,0.95
800,130.15137607859296,106.73214285714286,137.01785714285717,0.95
801,130.13019205636212,102.58928571428574,137.01785714285717,0.95
802,130.10904137960407,64.01785714285714,137.01785714285717,0.95
803,130.08792395318332,104.58928571428572,137.01785714285717,0.95
804,130.06683968235606,104.58928571428572,137.01785714285717,0.95
805,130.0457884727681,70.73214285714285,137.01785714285717,0.95
806,130.02477023045267,77.01785714285714,137.01785714285717,0.95
807,130.00378486182848,87.58928571428572,137.01785714285717,0.95
808,129.9828322736975,75.73214285714286,137.01785714285717,0.95
809,129.96191237324317,96.73214285714286,137.01785714285717,0.95
810,129.94102506802798,105.01785714285717,137.01785714285717,0.95
811,129.92017026599183,105.01785714285717,137.01785714285717,0.95
812,129.8993478754498,105.01785714285717,137.01785714285717,0.95
813,129.87855780509017,83.01785714285715,137.01785714285717,0.95
814,129.85779996397255,92.73214285714286,137.01785714285717,0.95
815,129.83707426152577,47.01785714285714,137.01785714285717,0.95
816,129.816380607546,79.01785714285717,137.01785714285717,0.95
817,129.79571891219481,42.5892857142857,137.01785714285717,0.95
818,129.77508908599722,60.73214285714284,137.01785714285717,0.95
819,129.75449103983982,111.58928571428574,137.01785714285717,0.95
820,129.73392468496868,111.58928571428574,137.01785714285717,0.95
821,129.7133899329878,19.01785714285714,137.01785714285717,0.95
822,129.6928866958569,47.017857142857125,137.01785714285717,0.95
823,129.6724148858897,79.01785714285715,137.01785714285717,0.95
824,129.6519744157521,90.01785714285715,137.01785714285717,0.95
825,129.6315651984602,96.58928571428574,137.01785714285717,0.95
826,129.61118714737862,81.73214285714286,137.01785714285717,0.95
827,129.5908401762185,46.446428571428555,137.01785714285717,0.95
828,129.5705241990359,87.58928571428572,137.01785714285717,0.95
829,129.5502391302298,59.01785714285711,137.01785714285717,0.95
830,129.52998488454054,79.73214285714285,137.01785714285717,0.95
831,129.50976137704777,23.017857142857146,137.01785714285717,0.95
832,129.48956852316886,94.73214285714286,137.01785714285717,0.95
833,129.46940623865717,47.01785714285714,137.01785714285717,0.95
834,129.4492744396002,63.73214285714284,137.01785714285717,0.95
835,129.42917304241797,70.01785714285714,137.01785714285717,0.95
836,129.4091019638612,87.58928571428574,137.01785714285717,0.95
837,129.38906112100958,92.01785714285715,137.01785714285717,0.95
838,129.3690504312703,92.01785714285715,137.01785714285717,0.95
839,129.3490698123761,89.73214285714285,137.01785714285717,0.95
840,129.32911918238364,64.73214285714283,137.01785714285717,0.95
841,129.309198459672,80.58928571428572,137.01785714285717,0.95
842,129.28930756294088,70.01785714285714,137.01785714285717,0.95
843,129.269446411209,83.01785714285714,137.01785714285717,0.95
844,129.2496149238124,83.01785714285714,137.01785714285717,0.95
845,129.22981302040293,94.73214285714288,137.01785714285717,0.95
846,129.21004062094656,113.58928571428574,137.01785714285717,0.95
847,129.1902976457218,92.73214285714288,137.01785714285717,0.95
848,129.17058401531813,92.73214285714288,137.01785714285717,0.95
849,129.15089965063436,89.73214285714285,137.01785714285717,0.95
850,129.13124447287706,68.58928571428571,137.01785714285717,0.95
851,129.11161840355908,53.73214285714283,137.01785714285717,0.95
852,129.09202136449792,74.44642857142856,137.01785714285717,0.95
853,129.07245327781425,66.73214285714285,137.01785714285717,0.95
854,129.05291406593022,94.01785714285714,137.01785714285717,0.95
855,129.03340365156814,57.589285714285694,137.01785714285717,0.95
856,129.0139219577489,39.44642857142856,137.01785714285717,0.95
857,128.99446890779032,70.01785714285712,137.01785714285717,0.95
858,128.9750444253059,94.73214285714286,137.01785714285717,0.95
859,128.9556484342031,113.01785714285718,137.01785714285717,0.95
860,128.9362808586821,113.01785714285718,137.01785714285717,0.95
861,128.916941623234,74.58928571428572,137.01785714285717,0.95
862,128.89763065263978,61.589285714285694,137.01785714285717,0.95
863,128.87834787196843,128.58928571428572,137.01785714285717,0.95
864,128.85909320657586,128.58928571428572,137.01785714285717,0.95
865,128.8398665821032,46.73214285714285,137.01785714285717,0.95
866,128.82066792447563,100.58928571428574,137.01785714285717,0.95
867,128.80149715990066,75.30357142857143,137.01785714285717,0.95
868,128.78235421486698,68.01785714285712,137.01785714285717,0.95
869,128.763239016143,81.73214285714285,137.01785714285717,0.95
870,128.74415149077532,90.73214285714286,137.01785714285717,0.95
871,128.72509156608763,90.73214285714286,137.01785714285717,0.95
872,128.706059169679,130.58928571428572,137.01785714285717,0.95
873,128.68705422942278,90.30357142857143,137.01785714285717,0.95
874,128.66807667346515,55.017857142857125,137.01785714285717,0.95
875,128.64912643022373,89.01785714285715,137.01785714285717,0.95
876,128.63020342838632,113.58928571428574,137.01785714285717,0.95
877,128.61130759690948,115.58928571428574,137.01785714285717,0.95
878,128.59243886501736,76.44642857142856,137.01785714285717,0.95
879,128.57359716220017,66.01785714285717,137.01785714285717,0.95
880,128.5547824182131,112.44642857142858,137.01785714285717,0.95
881,128.5359945630748,112.44642857142858,137.01785714285717,0.95
882,128.51723352706628,65.44642857142854,137.01785714285717,0.95
883,128.49849924072953,94.73214285714285,137.01785714285717,0.95
884,128.47979163486622,92.01785714285717,137.01785714285717,0.95
885,128.4611106405365,78.73214285714285,137.01785714285717,0.95
886,128.4424561890577,47.017857142857125,137.01785714285717,0.95
887,128.42382821200314,66.73214285714285,137.01785714285717,0.95
888,128.4052266412008,89.58928571428574,137.01785714285717,0.95
889,128.38665140873206,96.58928571428572,137.01785714285717,0.95
890,128.36810244693064,83.73214285714285,137.01785714285717,0.95
891,128.34957968838114,115.01785714285717,137.01785714285717,0.95
892,128.33108306591805,62.01785714285713,137.01785714285717,0.95
893,128.31261251262438,61.58928571428571,137.01785714285717,0.95
894,128.29416796183054,70.01785714285714,137.01785714285717,0.95
895,128.27574934711313,71.30357142857142,137.01785714285717,0.95
896,128.25735660229375,94.01785714285715,137.01785714285717,0.95
897,128.23898966143778,54.303571428571416,137.01785714285717,0.95
898,128.2206484588533,131.30357142857144,137.01785714285717,0.95
899,128.20233292908983,51.01785714285712,137.01785714285717,0.95
900,128.18404300693723,83.73214285714286,137.01785714285717,0.95
901,128.16577862742452,64.01785714285714,137.01785714285717,0.95
902,128.14753972581875,80.58928571428571,137.01785714285717,0.95
903,128.12932623762384,59.58928571428572,137.01785714285717,0.95
904,128.1111380985795,41.446428571428555,137.01785714285717,0.95
905,128.09297524466,59.5892857142857,137.01785714285717,0.95
906,128.07483761207322,53.73214285714283,137.01785714285717,0.95
907,128.0567251372593,72.01785714285714,137.01785714285717,0.95
908,128.03863775688984,72.01785714285714,137.01785714285717,0.95
909,128.02057540786646,96.30357142857144,137.01785714285717,0.95
910,128.00253802732004,96.30357142857144,137.01785714285717,0.95
911,127.98452555260938,100.58928571428572,137.01785714285717,0.95
912,127.96653792132021,91.58928571428574,137.01785714285717,0.95
913,127.94857507126419,91.58928571428574,137.01785714285717,0.95
914,127.93063694047768,72.58928571428572,137.01785714285717,0.95
915,127.91272346722087,60.30357142857141,137.01785714285717,0.95
916,127.89483458997658,70.58928571428572,137.01785714285717,0.95
917,127.87697024744925,107.73214285714286,137.01785714285717,0.95
918,127.85913037856395,75.01785714285714,137.01785714285717,0.95
919,127.84131492246524,57.73214285714283,137.01785714285717,0.95
920,127.82352381851628,83.73214285714285,137.01785714285717,0.95
921,127.80575700629764,62.01785714285713,137.01785714285717,0.95
922,127.78801442560646,95.58928571428572,137.01785714285717,0.95
923,127.77029601645526,36.01785714285713,137.01785714285717,0.95
924,127.75260171907107,96.01785714285715,137.01785714285717,0.95
925,127.73493147389435,55.01785714285714,137.01785714285717,0.95
926,127.71728522157805,71.58928571428571,137.01785714285717,0.95
927,127.69966290298656,70.73214285714285,137.01785714285717,0.95
928,127.68206445919479,70.73214285714285,137.01785714285717,0.95
929,127.66448983148715,53.73214285714283,137.01785714285717,0.95
930,127.64693896135655,87.58928571428572,137.01785714285717,0.95
931,127.62941179050354,119.01785714285718,137.01785714285717,0.95
932,127.61190826083522,70.01785714285714,137.01785714285717,0.95
933,127.59442831446438,89.58928571428574,137.01785714285717,0.95
934,127.57697189370849,66.73214285714285,137.01785714285717,0.95
935,127.55953894108877,51.732142857142854,137.01785714285717,0.95
936,127.5421293993293,87.01785714285717,137.01785714285717,0.95
937,127.52474321135601,79.01785714285714,137.01785714285717,0.95
938,127.50738032029577,72.01785714285714,137.01785714285717,0.95
939,127.4900406694755,83.01785714285714,137.01785714285717,0.95
940,127.47272420242125,92.30357142857146,137.01785714285717,0.95
941,127.45543086285723,70.73214285714285,137.01785714285717,0.95
942,127.43816059470497,88.73214285714286,137.01785714285717,0.95
943,127.42091334208236,85.58928571428572,137.01785714285717,0.95
944,127.40368904930278,85.16071428571429,137.01785714285717,0.95
945,127.38648766087427,59.44642857142855,137.01785714285717,0.95
946,127.36930912149846,100.58928571428574,137.01785714285717,0.95
947,127.35215337606991,83.01785714285714,137.01785714285717,0.95
948,127.33502036967506,83.01785714285714,137.01785714285717,0.95
949,127.31791004759148,76.58928571428571,137.01785714285717,0.95
950,127.30082235528688,94.73214285714288,137.01785714285717,0.95
951,127.28375723841837,94.73214285714288,137.01785714285717,0.95
952,127.26671464283152,105.01785714285717,137.01785714285717,0.95
953,127.24969451455952,105.01785714285717,137.01785714285717,0.95
954,127.23269679982235,105.01785714285717,137.01785714285717,0.95
955,127.21572144502592,79.30357142857143,137.01785714285717,0.95
956,127.19876839676127,78.44642857142856,137.01785714285717,0.95
957,127.18183760180366,90.73214285714288,137.01785714285717,0.95
958,127.16492900711181,68.73214285714283,137.01785714285717,0.95
959,127.14804255982703,78.44642857142856,137.01785714285717,0.95
960,127.13117820727241,110.58928571428574,137.01785714285717,0.95
961,127.11433589695206,88.01785714285714,137.01785714285717,0.95
962,127.09751557655018,92.73214285714286,137.01785714285717,0.95
963,127.08071719393037,77.73214285714285,137.01785714285717,0.95
964,127.06394069713474,107.30357142857144,137.01785714285717,0.95
965,127.04718603438319,107.30357142857144,137.01785714285717,0.95
966,127.03045315407253,107.30357142857144,137.01785714285717,0.95
967,127.01374200477578,67.44642857142856,137.01785714285717,0.95
968,126.9970525352413,110.44642857142858,137.01785714285717,0.95
969,126.98038469439209,51.732142857142854,137.01785714285717,0.95
970,126.9637384313249,93.44642857142857,137.01785714285717,0.95
971,126.94711369530964,93.44642857142857,137.01785714285717,0.95
972,126.93051043578839,66.01785714285714,137.01785714285717,0.95
973,126.91392860237485,51.73214285714283,137.01785714285717,0.95
974,126.89736814485339,115.01785714285717,137.01785714285717,0.95
975,126.8808290131784,81.01785714285714,137.01785714285717,0.95
976,126.86431115747358,111.73214285714286,137.01785714285717,0.95
977,126.84781452803107,62.01785714285713,137.01785714285717,0.95
978,126.83133907531078,60.73214285714284,137.01785714285717,0.95
979,126.81488474993964,83.01785714285714,137.01785714285717,0.95
980,126.79845150271092,73.01785714285714,137.01785714285717,0.95
981,126.78203928458336,81.73214285714285,137.01785714285717,0.95
982,126.76564804668055,60.73214285714284,137.01785714285717,0.95
983,126.74927774029024,58.30357142857142,137.01785714285717,0.95
984,126.73292831686348,124.30357142857144,137.01785714285717,0.95
985,126.71659972801403,81.01785714285717,137.01785714285717,0.95
986,126.7002919255176,95.01785714285714,137.01785714285717,0.95
987,126.68400486131117,107.73214285714288,137.01785714285717,0.95
988,126.6677384874922,109.73214285714288,137.01785714285717,0.95
989,126.65149275631806,60.01785714285713,137.01785714285717,0.95
990,126.63526762020524,96.73214285714288,137.01785714285717,0.95
991,126.6190630317287,109.1607142857143,137.01785714285717,0.95
992,126.60287894362109,98.16071428571432,137.01785714285717,0.95
993,126.58671530877227,81.73214285714286,137.01785714285717,0.95
994,126.57057208022836,68.01785714285714,137.01785714285717,0.95
995,126.5544492111913,100.01785714285717,137.01785714285717,0.95
996,126.53834665501802,97.30357142857143,137.01785714285717,0.95
997,126.52226436521985,83.01785714285714,137.01785714285717,0.95
998,126.50620229546183,74.58928571428571,137.01785714285717,0.95
999,126.49016039956201,55.73214285714285,137.01785714285717,0.95
1000,126.47413863149086,108.58928571428575,137.01785714285717,0.95
